Bw,osr,nlev,Hinf,Cint,gm,Ro,Co,SNR
1386140514.1244912,256,2,1.9683852993108149,2.029875051307209e-12,0.00025729239998907203,2527793.7203131006,4.584400501620561e-13,77.75380254778239
1644046410.530351,128,4,1.1451500758483575,5.957711959786288e-13,0.000900399838593582,8639162.985359691,2.356851488280116e-13,68.65957975056239
3780387473.063083,256,3,1.146854690222941,1.9143908110233024e-12,0.0009811071769224807,3459371.7703978843,2.3390215180243804e-13,74.02761882141647
5951082910.468965,256,5,1.9360545558423867,2.359900291194272e-12,0.000844688222515998,8982090.719416516,1.8442463588216936e-13,83.01111662949909
152050182.2540361,64,5,1.3022114392149735,1.5339122904791305e-13,0.00023548996199884104,6024396.191866774,6.867728158888064e-13,56.95515099300714
1488552996.4044838,128,3,1.9828138747240978,2.9020250302113197e-12,0.0007863989550434847,2306340.4436214077,3.132020243519418e-13,78.78572165458785
134182371.94688648,64,5,1.8415444430720518,1.4193996136410954e-12,0.0001761675321244193,2011555.8250161258,5.467265671464417e-13,64.09447935302084
2074831891.862469,256,2,1.4435236010591872,2.1556387005150705e-12,0.000829126545058241,9451812.546940386,9.50632641426139e-13,70.14264889427139
